Name,PiecesNeeded,PieceResource,PieceDropChance,SellResource,SellResourceAmount,BoostPercentage,BoostProbability,BuildTimeS,ArtifactType
String,int,String,int,String,int,int,int,int,int
Common Artifact,0,CommonPiece,85,RarePiece,1000000,3,20,-1,1
,,,,,,4,10,,
,,,,,,5,5,,
Rare Artifact,0,RarePiece,12,EpicPiece,1,6,20,-1,1
,,,,,,7,12,,
,,,,,,8,8,,
,,,,,,9,5,,
,,,,,,10,3,,
Epic Artifact,0,EpicPiece,3,PowerStone,7,12,20,-1,1
,,,,,,14,15,,
,,,,,,16,12,,
,,,,,,18,10,,
,,,,,,20,8,,
,,,,,,21,6,,
,,,,,,22,4,,
,,,,,,23,3,,
,,,,,,24,2,,
,,,,,,25,1,,
Common Artifact Ice,0,CommonPieceIce,85,RarePieceIce,1000000,3,20,-1,2
,,,,,,4,10,,
,,,,,,5,5,,
Rare Artifact Ice,0,RarePieceIce,12,EpicPieceIce,1,6,20,-1,2
,,,,,,7,12,,
,,,,,,8,8,,
,,,,,,9,5,,
,,,,,,10,3,,
Epic Artifact Ice,0,EpicPieceIce,3,PowerStone,7,12,20,-1,2
,,,,,,14,15,,
,,,,,,16,12,,
,,,,,,18,10,,
,,,,,,20,8,,
,,,,,,21,6,,
,,,,,,22,4,,
,,,,,,23,3,,
,,,,,,24,2,,
,,,,,,25,1,,
Common Artifact Fire,0,CommonPieceFire,85,RarePieceFire,1000000,3,20,-1,3
,,,,,,4,10,,
,,,,,,5,5,,
Rare Artifact Fire,0,RarePieceFire,12,EpicPieceFire,1,6,20,-1,3
,,,,,,7,12,,
,,,,,,8,8,,
,,,,,,9,5,,
,,,,,,10,3,,
Epic Artifact Fire,0,EpicPieceFire,3,PowerStone,7,12,20,-1,3
,,,,,,14,15,,
,,,,,,16,12,,
,,,,,,18,10,,
,,,,,,20,8,,
,,,,,,21,6,,
,,,,,,22,4,,
,,,,,,23,3,,
,,,,,,24,2,,
,,,,,,25,1,,
Common Artifact Dark,0,CommonPieceDark,85,RarePieceDark,1000000,3,20,-1,4
,,,,,,4,10,,
,,,,,,5,5,,
Rare Artifact Dark,0,RarePieceDark,12,EpicPieceDark,1,6,20,-1,4
,,,,,,7,12,,
,,,,,,8,8,,
,,,,,,9,5,,
,,,,,,10,3,,
Epic Artifact Dark,0,EpicPieceDark,3,PowerStone,7,12,20,-1,4
,,,,,,14,15,,
,,,,,,16,12,,
,,,,,,18,10,,
,,,,,,20,8,,
,,,,,,21,6,,
,,,,,,22,4,,
,,,,,,23,3,,
,,,,,,24,2,,
,,,,,,25,1,,
