Name,Attributes,Type,UnlockTownHallLevel,UpgradeHouseLevel,DeployTimeMS,ChargingTimeMS,HitTimeMS,UpgradeTimeH,UpgradeCost,Radius,RadiusAgainstTroops,TargetOnly,Damage,EffectDurationMs,StatusEffectType,StatusEffectTimeMs,StatusEffectAmount,HitsToApplyEffect,AbilityLogic,NumberOfHits,RandomRadius,TimeBetweenHitsMS,RandomRadiusAffectsOnlyGfx,ProjectileForAllHits,Energy,EnergyIncrease,SpawnCharacter,SpawnLevel,SpawnCount,SpawnLimit,SpawnLifetime,ResurrectHousingSpace,ResurrectProjectile,ResurrectProjectileHitEffect,ResurrectFallbackCharacter,XpGain,TID,InfoTID,SubtitleTID,FlavorTID,IconSWF,IconExportName,BigPictureSWF,BigPicture,PreDeployEffect,DeployEffect,HitEffect,Projectile,HitEffectBuildingSelected,DurationTID
String,String,String,int,int,int,int,int,int,int,int,int,String,int,int,String,String,String,String,String,int,int,int,boolean,boolean,int,int,String,int,int,int,int,int,String,String,String,int,String,String,String,String,String,String,String,String,String,String,String,String,String,String
Artillery,TargetsAir;MissionTarget;DestroyMines,,1,1,,,,2,10400,49,150,,700,,,,,,,1,,1,,TRUE,3,2,,,,,,,,,,14,TID_ARTILLERY,TID_ARTILLERY_INFO,TID_ARTILLERY_SUBTITLE,TID_ARTILLERY_FLAVOR,sc/ui.sc,icon_ability_artillery,sc/ui.sc,icon_ability_artillery,Weapon Deploy,,Artillery Hit,ArtilleryAmmo,,
,,,,1,,,,3,20900,49,150,,777,,,,,,,1,,1,,,,,,,,,,,,,,17,,,,,,icon_ability_artillery,,,,,,,,
,,,,2,,,,5,44000,49,150,,862,,,,,,,1,,1,,,,,,,,,,,,,,24,,,,,,icon_ability_artillery,,,,,,,,
,,,,3,,,,7,88000,49,150,,957,,,,,,,1,,1,,,,,,,,,,,,,,28,,,,,,icon_ability_artillery,,,,,,,,
,,,,4,,,,11,150000,49,150,,1063,,,,,,,1,,1,,,,,,,,,,,,,,34,,,,,,icon_ability_artillery,,,,,,,,
,,,,5,,,,15,252000,49,150,,1180,,,,,,,1,,1,,,,,,,,,,,,,,40,,,,,,icon_ability_artillery,,,,,,,,
,,,,6,,,,19,400000,49,150,,1309,,,,,,,1,,1,,,,,,,,,,,,,,45,,,,,,icon_ability_artillery,,,,,,,,
,,,,7,,,,22,580000,49,150,,1453,,,,,,,1,,1,,,,,,,,,,,,,,48,,,,,,icon_ability_artillery,,,,,,,,
,,,,8,,,,22,680000,49,150,,1613,,,,,,,1,,1,,,,,,,,,,,,,,48,,,,,,icon_ability_artillery,,,,,,,,
,,,,9,,,,24,760000,49,150,,1791,,,,,,,1,,1,,,,,,,,,,,,,,51,,,,,,icon_ability_artillery,,,,,,,,
,,,,10,,,,28,1030000,49,150,,1988,,,,,,,1,,1,,,,,,,,,,,,,,57,,,,,,icon_ability_artillery,,,,,,,,
,,,,11,,,,33,1410000,49,150,,2206,,,,,,,1,,1,,,,,,,,,,,,,,62,,,,,,icon_ability_artillery,,,,,,,,
,,,,12,,,,33,1600000,49,150,,2449,,,,,,,1,,1,,,,,,,,,,,,,,62,,,,,,icon_ability_artillery,,,,,,,,
,,,,13,,,,42,1920000,49,150,,2718,,,,,,,1,,1,,,,,,,,,,,,,,70,,,,,,icon_ability_artillery,,,,,,,,
,,,,14,,,,46,2640000,49,150,,3017,,,,,,,1,,1,,,,,,,,,,,,,,73,,,,,,icon_ability_artillery,,,,,,,,
,,,,15,,,,46,3040000,49,150,,3349,,,,,,,1,,1,,,,,,,,,,,,,,73,,,,,,icon_ability_artillery,,,,,,,,
,,,,16,,,,51,3400000,49,150,,3718,,,,,,,1,,1,,,,,,,,,,,,,,77,,,,,,icon_ability_artillery,,,,,,,,
,,,,17,,,,53,4000000,49,150,,4127,,,,,,,1,,1,,,,,,,,,,,,,,79,,,,,,icon_ability_artillery,,,,,,,,
,,,,18,,,,56,4700000,49,150,,4580,,,,,,,1,,1,,,,,,,,,,,,,,81,,,,,,icon_ability_artillery,,,,,,,,
,,,,19,,,,57,5400000,49,150,,5084,,,,,,,1,,1,,,,,,,,,,,,,,83,,,,,,icon_ability_artillery,,,,,,,,
,,,,20,,,,59,5900000,49,150,,5644,,,,,,,1,,1,,,,,,,,,,,,,,85,,,,,,icon_ability_artillery,,,,,,,,
,,,,21,,,,61,6400000,49,150,,6264,,,,,,,1,,1,,,,,,,,,,,,,,85,,,,,,icon_ability_artillery,,,,,,,,
,,,,23,,,,63,6900000,49,150,,6884,,,,,,,1,,1,,,,,,,,,,,,,,85,,,,,,icon_ability_artillery,,,,,,,,
,,,,24,,,,65,7400000,49,150,,7504,,,,,,,1,,1,,,,,,,,,,,,,,85,,,,,,icon_ability_artillery,,,,,,,,
,,,,25,,,,67,8000000,49,150,,8124,,,,,,,1,,1,,,,,,,,,,,,,,87,,,,,,icon_ability_artillery,,,,,,,,
,,,,26,,,,69,8700000,49,150,,8855,,,,,,,1,,1,,,,,,,,,,,,,,89,,,,,,icon_ability_artillery,,,,,,,,
,,,,27,,,,71,9500000,49,150,,9652,,,,,,,1,,1,,,,,,,,,,,,,,91,,,,,,icon_ability_artillery,,,,,,,,
,,,,28,,,,73,10500000,49,150,,10520,,,,,,,1,,1,,,,,,,,,,,,,,93,,,,,,icon_ability_artillery,,,,,,,,
,,,,29,,,,75,11500000,49,150,,11465,,,,,,,1,,1,,,,,,,,,,,,,,95,,,,,,icon_ability_artillery,,,,,,,,
Flare,FocusFire;Timer;TargetsAir,,3,1,,,,2,6300,20000,20000,ENEMY,,6000,,,,,,1,,1,TRUE,TRUE,2,1,,,,,,,,,,14,TID_FLARE,TID_FLARE_INFO,TID_FLARE_SUBTITLE,TID_FLARE_FLAVOR,sc/ui.sc,icon_ability_flare,sc/ui.sc,icon_ability_flare,Weapon Deploy,Flare1,,FocusFireAmmo,Flare building,TID_STATBAR_HINT_DURATION_FLARE
,,,,1,,,,8,105000,,,,,8000,,,,,,,,,,,,,,,,,,,,,,30,,,,,,icon_ability_flare,,,,Flare2,,,,
,,,,5,,,,17,350000,,,,,11000,,,,,,,,,,,,,,,,,,,,,,43,,,,,,icon_ability_flare,,,,Flare3,,,,
,,,,9,,,,26,1080000,,,,,15000,,,,,,,,,,,,,,,,,,,,,,54,,,,,,icon_ability_flare,,,,Flare4,,,,
,,,,12,,,,35,2600000,,,,,20000,,,,,,,,,,,,,,,,,,,,,,64,,,,,,icon_ability_flare,,,,Flare5,,,,
,,,,15,,,,41,4200000,,,,,25000,,,,,,,,,,,,,,,,,,,,,,69,,,,,,icon_ability_flare,,,,Flare6,,,,
,,,,18,,,,,,,,,,30000,,,,,,,,,,,,,,,,,,,,,,,,,,,,icon_ability_flare,,,,Flare7,,,,
Medkit,Timer;TargetsAir;MissionTarget,,4,1,,,,3,12100,350,350,FRIENDLY,-7,500,,,,,,25,200,300,TRUE,,6,3,,,,,,,,,,17,TID_MEDKIT,TID_MEDKIT_INFO,TID_MEDKIT_SUBTITLE,TID_MEDKIT_FLAVOR,sc/ui.sc,icon_ability_heal,sc/ui.sc,icon_ability_heal,Weapon Deploy,Heal area;Heal area top,,HealAmmo,,TID_STATBAR_HINT_DURATION_MEDIKIT
,,,,1,,,,4,23800,350,350,,-8,500,,,,,,25,200,300,,,,,,,,,,,,,,20,,,,,,icon_ability_heal,,,,,,,,
,,,,2,,,,7,50000,350,350,,-9,500,,,,,,25,200,300,,,,,,,,,,,,,,26,,,,,,icon_ability_heal,,,,,,,,
,,,,3,,,,9,99000,350,350,,-10,500,,,,,,25,200,300,,,,,,,,,,,,,,33,,,,,,icon_ability_heal,,,,,,,,
,,,,4,,,,14,168000,350,350,,-11,500,,,,,,25,200,300,,,,,,,,,,,,,,38,,,,,,icon_ability_heal,,,,,,,,
,,,,5,,,,19,284000,350,350,,-12,500,,,,,,25,200,300,,,,,,,,,,,,,,45,,,,,,icon_ability_heal,,,,,,,,
,,,,6,,,,25,450000,350,350,,-13,500,,,,,,25,200,300,,,,,,,,,,,,,,52,,,,,,icon_ability_heal,,,,,,,,
,,,,7,,,,28,650000,350,350,,-14,500,,,,,,25,200,300,,,,,,,,,,,,,,56,,,,,,icon_ability_heal,,,,,,,,
,,,,8,,,,28,760000,350,350,,-15,500,,,,,,25,200,300,,,,,,,,,,,,,,56,,,,,,icon_ability_heal,,,,,,,,
,,,,9,,,,32,850000,350,350,,-16,500,,,,,,25,200,300,,,,,,,,,,,,,,59,,,,,,icon_ability_heal,,,,,,,,
,,,,10,,,,37,1160000,350,350,,-17,500,,,,,,25,200,300,,,,,,,,,,,,,,66,,,,,,icon_ability_heal,,,,,,,,
,,,,11,,,,44,1590000,350,350,,-19,500,,,,,,25,200,300,,,,,,,,,,,,,,71,,,,,,icon_ability_heal,,,,,,,,
,,,,12,,,,44,1800000,350,350,,-21,500,,,,,,25,200,300,,,,,,,,,,,,,,71,,,,,,icon_ability_heal,,,,,,,,
,,,,13,,,,54,2160000,350,350,,-23,500,,,,,,25,200,300,,,,,,,,,,,,,,80,,,,,,icon_ability_heal,,,,,,,,
,,,,14,,,,60,2970000,350,350,,-25,500,,,,,,25,200,300,,,,,,,,,,,,,,83,,,,,,icon_ability_heal,,,,,,,,
,,,,15,,,,60,3400000,350,350,,-27,500,,,,,,25,200,300,,,,,,,,,,,,,,83,,,,,,icon_ability_heal,,,,,,,,
,,,,16,,,,67,3800000,350,350,,-29,500,,,,,,25,200,300,,,,,,,,,,,,,,88,,,,,,icon_ability_heal,,,,,,,,
,,,,17,,,,70,4500000,350,350,,-31,500,,,,,,25,200,300,,,,,,,,,,,,,,90,,,,,,icon_ability_heal,,,,,,,,
,,,,18,,,,73,5300000,350,350,,-34,500,,,,,,25,200,300,,,,,,,,,,,,,,92,,,,,,icon_ability_heal,,,,,,,,
,,,,19,,,,76,6100000,350,350,,-37,500,,,,,,25,200,300,,,,,,,,,,,,,,94,,,,,,icon_ability_heal,,,,,,,,
,,,,20,,,,78,6600000,350,350,,-40,500,,,,,,25,200,300,,,,,,,,,,,,,,96,,,,,,icon_ability_heal,,,,,,,,
,,,,21,,,,80,7100000,350,350,,-43,500,,,,,,25,200,300,,,,,,,,,,,,,,98,,,,,,icon_ability_heal,,,,,,,,
,,,,23,,,,82,7600000,350,350,,-46,500,,,,,,25,200,300,,,,,,,,,,,,,,100,,,,,,icon_ability_heal,,,,,,,,
,,,,24,,,,84,8100000,350,350,,-49,500,,,,,,25,200,300,,,,,,,,,,,,,,102,,,,,,icon_ability_heal,,,,,,,,
,,,,25,,,,86,8500000,350,350,,-52,500,,,,,,25,200,300,,,,,,,,,,,,,,104,,,,,,icon_ability_heal,,,,,,,,
,,,,26,,,,88,9000000,350,350,,-56,500,,,,,,25,200,300,,,,,,,,,,,,,,106,,,,,,icon_ability_heal,,,,,,,,
,,,,27,,,,90,9500000,350,350,,-60,500,,,,,,25,200,300,,,,,,,,,,,,,,108,,,,,,icon_ability_heal,,,,,,,,
,,,,28,,,,92,10000000,350,350,,-64,500,,,,,,25,200,300,,,,,,,,,,,,,,110,,,,,,icon_ability_heal,,,,,,,,
,,,,29,,,,94,10500000,350,350,,-69,500,,,,,,25,200,300,,,,,,,,,,,,,,112,,,,,,icon_ability_heal,,,,,,,,
Stun,Timer;MissionTarget,,7,4,,,,8,66000,320,320,,,5000,Stun,5000,0,,,1,,1,TRUE,TRUE,7,5,,,,,,,,,,30,TID_STUN,TID_STUN_INFO,TID_STUN_SUBTITLE,TID_STUN_FLAVOR,sc/ui.sc,icon_ability_smoke,sc/ui.sc,icon_ability_smoke,Weapon Deploy,Stun Hit_1;Stun HitTop,,StunAmmo,,TID_STATBAR_HINT_DURATION_SHOCK
,,,,4,,,,21,245000,320,320,,,6000,,6000,0,,,1,,1,,,,,,,,,,,,,,47,,,,,,icon_ability_smoke,,,,Stun Hit_2;Stun HitTop,,,,
,,,,7,,,,30,880000,320,320,,,7000,,7000,0,,,1,,1,,,,,,,,,,,,,,60,,,,,,icon_ability_smoke,,,,Stun Hit_3;Stun HitTop,,,,
,,,,11,,,,49,2180000,320,320,,,8000,,8000,0,,,1,,1,,,,,,,,,,,,,,76,,,,,,icon_ability_smoke,,,,Stun Hit_4;Stun HitTop,,,,
,,,,15,,,,57,3700000,320,320,,,9000,,9000,0,,,1,,1,,,,,,,,,,,,,,81,,,,,,icon_ability_smoke,,,,Stun Hit_5;Stun HitTop,,,,
,,,,18,,,,65,5500000,320,320,,,10000,,10000,0,,,1,,1,,,,,,,,,,,,,,87,,,,,,icon_ability_smoke,,,,Stun Hit_6;Stun HitTop,,,,
,,,,23,,,,73,7300000,320,320,,,11000,,11000,0,,,1,,1,,,,,,,,,,,,,,93,,,,,,icon_ability_smoke,,,,Stun Hit_6;Stun HitTop,,,,
,,,,27,,,,81,9100000,320,320,,,12000,,12000,0,,,1,,1,,,,,,,,,,,,,,99,,,,,,icon_ability_smoke,,,,Stun Hit_6;Stun HitTop,,,,
Airstrike,TargetsAir;MissionTarget;DestroyMines,,10,7,,,,25,360000,149,180,,190,,,,,,,15,300,300,,TRUE,10,6,,,,,,,,,,52,TID_BARRAGE,TID_BARRAGE_INFO,TID_BARRAGE_SUBTITLE,TID_BARRAGE_FLAVOR,sc/ui.sc,icon_ability_airstrike,sc/ui.sc,icon_ability_airstrike,Artillery Deploy,,Airstrike Hit,Barrage Ammo,,
,,,,7,,,,28,640000,149,180,,209,,,,,,,15,300,300,,,,,,,,,,,,,,56,,,,,,icon_ability_airstrike,,,,,,,,
,,,,8,,,,28,800000,149,180,,230,,,,,,,15,300,300,,,,,,,,,,,,,,56,,,,,,icon_ability_airstrike,,,,,,,,
,,,,9,,,,32,900000,149,180,,253,,,,,,,15,300,300,,,,,,,,,,,,,,59,,,,,,icon_ability_airstrike,,,,,,,,
,,,,10,,,,37,1230000,149,180,,278,,,,,,,15,300,300,,,,,,,,,,,,,,66,,,,,,icon_ability_airstrike,,,,,,,,
,,,,11,,,,44,1680000,149,180,,306,,,,,,,15,300,300,,,,,,,,,,,,,,71,,,,,,icon_ability_airstrike,,,,,,,,
,,,,12,,,,44,1900000,149,180,,337,,,,,,,15,300,300,,,,,,,,,,,,,,71,,,,,,icon_ability_airstrike,,,,,,,,
,,,,13,,,,54,2280000,149,180,,370,,,,,,,15,300,300,,,,,,,,,,,,,,80,,,,,,icon_ability_airstrike,,,,,,,,
,,,,14,,,,60,3140000,149,180,,407,,,,,,,15,300,300,,,,,,,,,,,,,,83,,,,,,icon_ability_airstrike,,,,,,,,
,,,,15,,,,60,3600000,149,180,,448,,,,,,,15,300,300,,,,,,,,,,,,,,83,,,,,,icon_ability_airstrike,,,,,,,,
,,,,16,,,,67,4000000,149,180,,493,,,,,,,15,300,300,,,,,,,,,,,,,,88,,,,,,icon_ability_airstrike,,,,,,,,
,,,,17,,,,67,4500000,149,180,,542,,,,,,,15,300,300,,,,,,,,,,,,,,88,,,,,,icon_ability_airstrike,,,,,,,,
,,,,17,,,,70,4800000,149,180,,596,,,,,,,15,300,300,,,,,,,,,,,,,,90,,,,,,icon_ability_airstrike,,,,,,,,
,,,,18,,,,73,5600000,149,180,,656,,,,,,,15,300,300,,,,,,,,,,,,,,92,,,,,,icon_ability_airstrike,,,,,,,,
,,,,19,,,,75,6400000,149,180,,722,,,,,,,15,300,300,,,,,,,,,,,,,,93,,,,,,icon_ability_airstrike,,,,,,,,
,,,,20,,,,77,7000000,149,180,,794,,,,,,,15,300,300,,,,,,,,,,,,,,95,,,,,,icon_ability_airstrike,,,,,,,,
,,,,21,,,,79,7500000,149,180,,873,,,,,,,15,300,300,,,,,,,,,,,,,,97,,,,,,icon_ability_airstrike,,,,,,,,
,,,,22,,,,81,8000000,149,180,,960,,,,,,,15,300,300,,,,,,,,,,,,,,99,,,,,,icon_ability_airstrike,,,,,,,,
,,,,23,,,,83,8500000,149,180,,1047,,,,,,,15,300,300,,,,,,,,,,,,,,101,,,,,,icon_ability_airstrike,,,,,,,,
,,,,24,,,,85,9000000,149,180,,1134,,,,,,,15,300,300,,,,,,,,,,,,,,103,,,,,,icon_ability_airstrike,,,,,,,,
,,,,25,,,,87,9500000,149,180,,1221,,,,,,,15,300,300,,,,,,,,,,,,,,105,,,,,,icon_ability_airstrike,,,,,,,,
,,,,26,,,,89,10000000,149,180,,1330,,,,,,,15,300,300,,,,,,,,,,,,,,107,,,,,,icon_ability_airstrike,,,,,,,,
,,,,27,,,,91,10500000,149,180,,1450,,,,,,,15,300,300,,,,,,,,,,,,,,109,,,,,,icon_ability_airstrike,,,,,,,,
,,,,28,,,,93,11000000,149,180,,1580,,,,,,,15,300,300,,,,,,,,,,,,,,111,,,,,,icon_ability_airstrike,,,,,,,,
,,,,29,,,,95,11500000,149,180,,1720,,,,,,,15,300,300,,,,,,,,,,,,,,113,,,,,,icon_ability_airstrike,,,,,,,,
Smoke,Timer;TargetsAir;MissionTarget,,14,14,,,,32,1350000,430,430,,,400,Smoke,400,0,,,32,,250,,,2,1,,,,,,,,,,61,TID_SMOKE_SCREEN,TID_SMOKE_SCREEN_INFO,TID_SMOKE_SCREEN_SUBTITLE,TID_SMOKE_SCREEN_FLAVOR,sc/ui.sc,icon_ability_smokescreen,sc/ui.sc,icon_ability_smokescreen,Weapon Deploy,Smokescreen_Shadow_1;Smokescreen_1,,smoke_ammo,,TID_STATBAR_HINT_DURATION_SMOKE
,,,,14,,,,35,1950000,430,430,,,,,,,,,36,,250,,,,,,,,,,,,,,64,,,,,,,,,,Smokescreen_Shadow_2;Smokescreen_2,,,,
,,,,15,,,,35,2250000,430,430,,,,,,,,,40,,250,,,,,,,,,,,,,,64,,,,,,,,,,Smokescreen_Shadow_3;Smokescreen_3,,,,
,,,,16,,,,40,3000000,430,430,,,,,,,,,44,,250,,,,,,,,,,,,,,68,,,,,,,,,,Smokescreen_Shadow_4;Smokescreen_4,,,,
,,,,17,,,,41,3800000,430,430,,,,,,,,,48,,250,,,,,,,,,,,,,,69,,,,,,,,,,Smokescreen_Shadow_5;Smokescreen_5,,,,
,,,,18,,,,42,4600000,430,430,,,,,,,,,52,,250,,,,,,,,,,,,,,70,,,,,,,,,,Smokescreen_Shadow_6;Smokescreen_6,,,,
,,,,24,,,,43,5400000,430,430,,,,,,,,,56,,250,,,,,,,,,,,,,,71,,,,,,,,,,Smokescreen_Shadow_6;Smokescreen_6,,,,
,,,,25,,,,44,6000000,430,430,,,,,,,,,60,,250,,,,,,,,,,,,,,72,,,,,,,,,,Smokescreen_Shadow_6;Smokescreen_6,,,,
Drone,MissionTarget,,19,19,,,,50,5300000,,,,,,,,,,,1,300,1,,TRUE,8,5,Drone,,6,,,,,,,70,TID_DRONE,TID_DRONE_INFO,TID_DRONE_SUBTITLE,TID_DRONE_FLAVOR,sc/ui.sc,icon_ability_drone,sc/tutorial.sc,unit_drone,Weapon Deploy,,Decoy Hit,DecoyAmmo,,
,,,,19,,,,56,6600000,,,,,,,,,,,1,300,1,,,,,,,7,,,,,,,74,,,,,,icon_ability_drone,,,,,,,,
,,,,19,,,,60,7000000,,,,,,,,,,,1,300,1,,,,,,,8,,,,,,,77,,,,,,icon_ability_drone,,,,,,,,
,,,,19,,,,66,7400000,,,,,,,,,,,1,300,1,,,,,,,9,,,,,,,81,,,,,,icon_ability_drone,,,,,,,,
,,,,20,,,,72,7800000,,,,,,,,,,,1,300,1,,,,,,,10,,,,,,,84,,,,,,icon_ability_drone,,,,,,,,
,,,,20,,,,78,8000000,,,,,,,,,,,1,300,1,,,,,,,11,,,,,,,88,,,,,,icon_ability_drone,,,,,,,,
,,,,20,,,,84,8400000,,,,,,,,,,,1,300,1,,,,,,,12,,,,,,,92,,,,,,icon_ability_drone,,,,,,,,
,,,,23,,,,90,8800000,,,,,,,,,,,1,300,1,,,,,,,13,,,,,,,96,,,,,,icon_ability_drone,,,,,,,,
,,,,24,,,,96,9200000,,,,,,,,,,,1,300,1,,,,,,,14,,,,,,,96,,,,,,icon_ability_drone,,,,,,,,
,,,,25,,,,102,9600000,,,,,,,,,,,1,300,1,,,,,,,15,,,,,,,100,,,,,,icon_ability_drone,,,,,,,,
,,,,26,,,,108,10000000,,,,,,,,,,,1,300,1,,,,,,,16,,,,,,,104,,,,,,icon_ability_drone,,,,,,,,
,,,,27,,,,114,10400000,,,,,,,,,,,1,300,1,,,,,,,17,,,,,,,108,,,,,,icon_ability_drone,,,,,,,,
,,,,28,,,,120,10800000,,,,,,,,,,,1,300,1,,,,,,,18,,,,,,,112,,,,,,icon_ability_drone,,,,,,,,
,,,,29,,,,126,11200000,,,,,,,,,,,1,300,1,,,,,,,19,,,,,,,116,,,,,,icon_ability_drone,,,,,,,,
HeroSpeedDamage,,Ability,,1,,,,,,1000,1000,FRIENDLY,,2000,SpeedBoost;DamageBoost,2000;2000,400;150,,,25,200,300,TRUE,,,,,,,,,,,,,,,,,,,,,,Hero Sgt Boost,Battle Order;Battle Order2,,,,TID_STATBAR_HINT_DURATION
,,,,,,,,,1,,,,,,,,400;150,,,,,,,,,,,,,,,,,,,,,,,,,,,,,,,,,
,,,,,,,,,1,,,,,,,,420;170,,,,,,,,,,,,,,,,,,,,,,,,,,,,,,,,,
,,,,,,,,,1,,,,,,,,450;190,,,,,,,,,,,,,,,,,,,,,,,,,,,,,,,,,
,,,,,,,,,1,,,,,,,,470;220,,,,,,,,,,,,,,,,,,,,,,,,,,,,,,,,,
,,,,,,,,,1,,,,,,,,500;250,,,,,,,,,,,,,,,,,,,,,,,,,,,,,,,,,
,,,,,,,,,1,,,,,,,,600;300,,,,,,,,,,,,,,,,,,,,,,,,,,,,,,,,,
,,,,,,,,,1,,,,,,,,700;350,,,,,,,,,,,,,,,,,,,,,,,,,,,,,,,,,
HeroDamageResistance,,Ability,,1,,,,,,1000,1000,FRIENDLY,,2000,ArmorBoost,2000,500,,,25,200,300,TRUE,,,,,,,,,,,,,,,,,,,,,,SargeShield,Shield,,,,TID_STATBAR_HINT_DURATION
,,,,,,,,,1,,,,,,,,500,,,,,,,,,,,,,,,,,,,,,,,,,,,,,,,,,
,,,,,,,,,1,,,,,,,,530,,,,,,,,,,,,,,,,,,,,,,,,,,,,,,,,,
,,,,,,,,,1,,,,,,,,550,,,,,,,,,,,,,,,,,,,,,,,,,,,,,,,,,
,,,,,,,,,1,,,,,,,,570,,,,,,,,,,,,,,,,,,,,,,,,,,,,,,,,,
,,,,,,,,,1,,,,,,,,600,,,,,,,,,,,,,,,,,,,,,,,,,,,,,,,,,
,,,,,,,,,1,,,,,,,,680,,,,,,,,,,,,,,,,,,,,,,,,,,,,,,,,,
,,,,,,,,,1,,,,,,,,740,,,,,,,,,,,,,,,,,,,,,,,,,,,,,,,,,
HeroMechanic,,Ability,,1,,,,,,500,,,,,,,,,,1,,300,,,,,Drone,,3,12,,,,,,,,,,,,,,,,,Mechnomancer Skill Critters Passive,,,
,,,,,,,,,1,,,,,,,,,,,,,,,,,,,,,,,,,,,,,,,,,,,,,,,,,
,,,,,,,,,1,,,,,,,,,,,,,,,,,,,,,,,,,,,,,,,,,,,,,,,,,
,,,,,,,,,1,,,,,,,,,,,,,,,,,,,,,,,,,,,,,,,,,,,,,,,,,
,,,,,,,,,1,,,,,,,,,,,,,,,,,,,,,,,,,,,,,,,,,,,,,,,,,
,,,,,,,,,1,,,,,,,,,,,,,,,,,,,,,,,,,,,,,,,,,,,,,,,,,
,,,,,,,,,1,,,,,,,,,,,,,,,,,,,,,,,,,,,,,,,,,,,,,,,,,
,,,,,,,,,1,,,,,,,,,,,,,,,,,,,,,,,,,,,,,,,,,,,,,,,,,
,,,,,,,,,1,,,,,,,,,,,,,,,,,,,,,,,,,,,,,,,,,,,,,,,,,
,,,,,,,,,1,,,,,,,,,,,,,,,,,,,,,,,,,,,,,,,,,,,,,,,,,
,,,,,,,,,1,,,,,,,,,,,,,,,,,,,,,,,,,,,,,,,,,,,,,,,,,
,,,,,,,,,1,,,,,,,,,,,,,,,,,,,,,,,,,,,,,,,,,,,,,,,,,
,,,,,,,,,1,,,,,,,,,,,,,,,,,,,,,,,,,,,,,,,,,,,,,,,,,
,,,,,,,,,1,,,,,,,,,,,,,,,,,,,,,,,,,,,,,,,,,,,,,,,,,
,,,,,,,,,1,,,,,,,,,,,,,,,,,,,,,,,,,,,,,,,,,,,,,,,,,
,,,,,,,,,1,,,,,,,,,,,,,,,,,,,,,,,,,,,,,,,,,,,,,,,,,
,,,,,,,,,1,,,,,,,,,,,,,,,,,,,,,,,,,,,,,,,,,,,,,,,,,
,,,,,,,,,1,,,,,,,,,,,,,,,,,,,,,,,,,,,,,,,,,,,,,,,,,
,,,,,,,,,1,,,,,,,,,,,,,,,,,,,,,,,,,,,,,,,,,,,,,,,,,
,,,,,,,,,1,,,,,,,,,,,,,,,,,,,,,,,,,,,,,,,,,,,,,,,,,
HeroMechanicSwarm,,Ability,,1,,,,,,500,,,,,,,,,,1,,300,,,,,Drone,,8,,,,,,,,,,,,,,,,,,Mechnomancer Skill Critters,,,
,,,,,,,,,1,,,,,,,,,,,,,,,,,,,,8,,,,,,,,,,,,,,,,,,,,,
,,,,,,,,,1,,,,,,,,,,,,,,,,,,,,10,,,,,,,,,,,,,,,,,,,,,
,,,,,,,,,1,,,,,,,,,,,,,,,,,,,,12,,,,,,,,,,,,,,,,,,,,,
,,,,,,,,,1,,,,,,,,,,,,,,,,,,,,14,,,,,,,,,,,,,,,,,,,,,
,,,,,,,,,1,,,,,,,,,,,,,,,,,,,,16,,,,,,,,,,,,,,,,,,,,,
,,,,,,,,,1,,,,,,,,,,,,,,,,,,,,18,,,,,,,,,,,,,,,,,,,,,
,,,,,,,,,1,,,,,,,,,,,,,,,,,,,,20,,,,,,,,,,,,,,,,,,,,,
HeroWitchDoctorSwarm,,Ability,,1,,,,,,500,,,,,,,,,,1,,300,,,,,WitchDoctorDrone,,4,,15000,,,,,,,,,,,,,,,,Crystal Critter Summon,,,
,,,,,,,,,1,,,,,,,,,,,,,,,,,,,,4,,,,,,,,,,,,,,,,,,,,,
,,,,,,,,,1,,,,,,,,,,,,,,,,,,,,6,,,,,,,,,,,,,,,,,,,,,
,,,,,,,,,1,,,,,,,,,,,,,,,,,,,,8,,,,,,,,,,,,,,,,,,,,,
,,,,,,,,,1,,,,,,,,,,,,,,,,,,,,10,,,,,,,,,,,,,,,,,,,,,
,,,,,,,,,1,,,,,,,,,,,,,,,,,,,,12,,,,,,,,,,,,,,,,,,,,,
,,,,,,,,,1,,,,,,,,,,,,,,,,,,,,15,,,,,,,,,,,,,,,,,,,,,
,,,,,,,,,1,,,,,,,,,,,,,,,,,,,,20,,,,,,,,,,,,,,,,,,,,,
HeroShieldTroops,,Ability,,1,,,,,,1000,1000,FRIENDLY,,,Shield,0,140,,,1,,300,,,,,,,,,,,,,,,,,,,,,,,,Unit Shield Spell Pulse,,,,TID_STATBAR_ABILITY_CRYSTALSHIELDS_DURATION
,,,,,,,,,1,,,,,,,,140,,,,,,,,,,,,,,,,,,,,,,,,,,,,,,,,,
,,,,,,,,,1,,,,,,,,220,,,,,,,,,,,,,,,,,,,,,,,,,,,,,,,,,
,,,,,,,,,1,,,,,,,,300,,,,,,,,,,,,,,,,,,,,,,,,,,,,,,,,,
,,,,,,,,,1,,,,,,,,380,,,,,,,,,,,,,,,,,,,,,,,,,,,,,,,,,
,,,,,,,,,1,,,,,,,,460,,,,,,,,,,,,,,,,,,,,,,,,,,,,,,,,,
,,,,,,,,,1,,,,,,,,600,,,,,,,,,,,,,,,,,,,,,,,,,,,,,,,,,
,,,,,,,,,1,,,,,,,,800,,,,,,,,,,,,,,,,,,,,,,,,,,,,,,,,,
HeroWitchDoctorDefib,,Ability,,1,,,,,,,,,,,,,,,,8,,500,,,,,,,,,,8,MedicineManResurrectionCell,Resurrection Cell Hit,Rifleman,,,,,,,,,,Resurrection Aura Pulse,,,,,
,,,,,,,,,1,,,,,,,,,,,8,,500,,,,,,,,,,8,,,,,,,,,,,,,,,,,,
,,,,,,,,,1,,,,,,,,,,,10,,400,,,,,,,,,,10,,,,,,,,,,,,,,,,,,
,,,,,,,,,1,,,,,,,,,,,12,,330,,,,,,,,,,12,,,,,,,,,,,,,,,,,,
,,,,,,,,,1,,,,,,,,,,,14,,285,,,,,,,,,,14,,,,,,,,,,,,,,,,,,
,,,,,,,,,1,,,,,,,,,,,16,,250,,,,,,,,,,16,,,,,,,,,,,,,,,,,,
,,,,,,,,,1,,,,,,,,,,,24,,165,,,,,,,,,,24,,,,,,,,,,,,,,,,,,
SuperTroop,,Extra,,8,,,,,,,,,,,,,,,,1,300,1,,TRUE,8,5,SuperWarrior,0,1,,,,,,,,TID_TEMPGBA_SUPER_TROOP,TID_TEMPGBA_SUPER_TROOP_INFO,,,sc/ui.sc,icon_gunboat_superwarrior,sc/ui.sc,icon_gunboat_superwarrior,Weapon Deploy,,Decoy Hit,SuperWarriorAmmo,,
,,,,9,,,,,,,,,,,,,,,,,,,,,,,,1,,,,,,,,,,,,,,,,,,,,,,
,,,,10,,,,,,,,,,,,,,,,,,,,,,,,2,,,,,,,,,,,,,,,,,,,,,,
,,,,11,,,,,,,,,,,,,,,,,,,,,,,,3,,,,,,,,,,,,,,,,,,,,,,
,,,,12,,,,,,,,,,,,,,,,,,,,,,,,4,,,,,,,,,,,,,,,,,,,,,,
,,,,13,,,,,,,,,,,,,,,,,,,,,,,,5,,,,,,,,,,,,,,,,,,,,,,
,,,,14,,,,,,,,,,,,,,,,,,,,,,,,6,,,,,,,,,,,,,,,,,,,,,,
,,,,15,,,,,,,,,,,,,,,,,,,,,,,,7,,,,,,,,,,,,,,,,,,,,,,
,,,,16,,,,,,,,,,,,,,,,,,,,,,,,8,,,,,,,,,,,,,,,,,,,,,,
,,,,17,,,,,,,,,,,,,,,,,,,,,,,,9,,,,,,,,,,,,,,,,,,,,,,
,,,,18,,,,,,,,,,,,,,,,,,,,,,,,10,,,,,,,,,,,,,,,,,,,,,,
,,,,19,,,,,,,,,,,,,,,,,,,,,,,,11,,,,,,,,,,,,,,,,,,,,,,
,,,,20,,,,,,,,,,,,,,,,,,,,,,,,12,,,,,,,,,,,,,,,,,,,,,,
,,,,21,,,,,,,,,,,,,,,,,,,,,,,,13,,,,,,,,,,,,,,,,,,,,,,
,,,,22,,,,,,,,,,,,,,,,,,,,,,,,14,,,,,,,,,,,,,,,,,,,,,,
,,,,23,,,,,,,,,,,,,,,,,,,,,,,,15,,,,,,,,,,,,,,,,,,,,,,
,,,,24,,,,,,,,,,,,,,,,,,,,,,,,16,,,,,,,,,,,,,,,,,,,,,,
,,,,25,,,,,,,,,,,,,,,,,,,,,,,,17,,,,,,,,,,,,,,,,,,,,,,
,,,,26,,,,,,,,,,,,,,,,,,,,,,,,18,,,,,,,,,,,,,,,,,,,,,,
,,,,27,,,,,,,,,,,,,,,,,,,,,,,,19,,,,,,,,,,,,,,,,,,,,,,
,,,,28,,,,,,,,,,,,,,,,,,,,,,,,20,,,,,,,,,,,,,,,,,,,,,,
,,,,29,,,,,,,,,,,,,,,,,,,,,,,,21,,,,,,,,,,,,,,,,,,,,,,
TurretBox,,Extra,,8,,,,,,,,,,,,,,,,1,300,1,,TRUE,5,5,Turret,0,1,,,,,,,,TID_TEMPGBA_TURRET,TID_TEMPGBA_TURRET_INFO,,,sc/ui.sc,icon_gunboat_turret_in_a_box,sc/ui.sc,icon_gunboat_turret_in_a_box,Weapon Deploy,,Decoy Hit,TurretAmmo,,
,,,,9,,,,,,,,,,,,,,,,,,,,,,,,1,,,,,,,,,,,,,,,,,,,,,,
,,,,10,,,,,,,,,,,,,,,,,,,,,,,,2,,,,,,,,,,,,,,,,,,,,,,
,,,,11,,,,,,,,,,,,,,,,,,,,,,,,3,,,,,,,,,,,,,,,,,,,,,,
,,,,12,,,,,,,,,,,,,,,,,,,,,,,,4,,,,,,,,,,,,,,,,,,,,,,
,,,,13,,,,,,,,,,,,,,,,,,,,,,,,5,,,,,,,,,,,,,,,,,,,,,,
,,,,14,,,,,,,,,,,,,,,,,,,,,,,,6,,,,,,,,,,,,,,,,,,,,,,
,,,,15,,,,,,,,,,,,,,,,,,,,,,,,7,,,,,,,,,,,,,,,,,,,,,,
,,,,16,,,,,,,,,,,,,,,,,,,,,,,,8,,,,,,,,,,,,,,,,,,,,,,
,,,,17,,,,,,,,,,,,,,,,,,,,,,,,9,,,,,,,,,,,,,,,,,,,,,,
,,,,18,,,,,,,,,,,,,,,,,,,,,,,,10,,,,,,,,,,,,,,,,,,,,,,
,,,,19,,,,,,,,,,,,,,,,,,,,,,,,11,,,,,,,,,,,,,,,,,,,,,,
,,,,20,,,,,,,,,,,,,,,,,,,,,,,,12,,,,,,,,,,,,,,,,,,,,,,
,,,,21,,,,,,,,,,,,,,,,,,,,,,,,13,,,,,,,,,,,,,,,,,,,,,,
,,,,22,,,,,,,,,,,,,,,,,,,,,,,,14,,,,,,,,,,,,,,,,,,,,,,
,,,,23,,,,,,,,,,,,,,,,,,,,,,,,15,,,,,,,,,,,,,,,,,,,,,,
,,,,24,,,,,,,,,,,,,,,,,,,,,,,,16,,,,,,,,,,,,,,,,,,,,,,
,,,,25,,,,,,,,,,,,,,,,,,,,,,,,17,,,,,,,,,,,,,,,,,,,,,,
,,,,26,,,,,,,,,,,,,,,,,,,,,,,,18,,,,,,,,,,,,,,,,,,,,,,
,,,,27,,,,,,,,,,,,,,,,,,,,,,,,19,,,,,,,,,,,,,,,,,,,,,,
,,,,28,,,,,,,,,,,,,,,,,,,,,,,,20,,,,,,,,,,,,,,,,,,,,,,
,,,,29,,,,,,,,,,,,,,,,,,,,,,,,21,,,,,,,,,,,,,,,,,,,,,,
SpeedSerum,,Extra,,8,,,,,,800,800,,,10000,SpeedBoost;DamageBoost,10000;10000,3000;-500,,,1,,1,,,6,8,,,,,,,,,,,TID_TEMPGBA_SPEED_SERUM,TID_TEMPGBA_SPEED_SERUM_INFO,,,sc/ui.sc,icon_gunboat_speedserum,sc/ui.sc,icon_gunboat_speedserum,Weapon Deploy,Serum_speed_explosion,Decoy Hit,SpeedSerumAmmo,,TID_STATBAR_HINT_DURATION_SPEED_SERUM
,,,,9,,,,,,,,,,,,,,,,,,,,,,,,,,,,,,,,,,,,,,,,,,,,,,
,,,,10,,,,,,,,,,,,,,,,,,,,,,,,,,,,,,,,,,,,,,,,,,,,,,
,,,,11,,,,,,,,,,,,,,,,,,,,,,,,,,,,,,,,,,,,,,,,,,,,,,
,,,,12,,,,,,,,,,,,,,,,,,,,,,,,,,,,,,,,,,,,,,,,,,,,,,
,,,,13,,,,,,,,,,,,,,,,,,,,,,,,,,,,,,,,,,,,,,,,,,,,,,
,,,,14,,,,,,,,,,,,,,,,,,,,,,,,,,,,,,,,,,,,,,,,,,,,,,
,,,,15,,,,,,,,,,,,,,,,,,,,,,,,,,,,,,,,,,,,,,,,,,,,,,
,,,,16,,,,,,,,,,,,,,,,,,,,,,,,,,,,,,,,,,,,,,,,,,,,,,
,,,,17,,,,,,,,,,,,,,,,,,,,,,,,,,,,,,,,,,,,,,,,,,,,,,
,,,,18,,,,,,,,,,,,,,,,,,,,,,,,,,,,,,,,,,,,,,,,,,,,,,
,,,,19,,,,,,,,,,,,,,,,,,,,,,,,,,,,,,,,,,,,,,,,,,,,,,
,,,,20,,,,,,,,,,,,,,,,,,,,,,,,,,,,,,,,,,,,,,,,,,,,,,
,,,,21,,,,,,,,,,,,,,,,,,,,,,,,,,,,,,,,,,,,,,,,,,,,,,
,,,,22,,,,,,,,,,,,,,,,,,,,,,,,,,,,,,,,,,,,,,,,,,,,,,
,,,,23,,,,,,,,,,,,,,,,,,,,,,,,,,,,,,,,,,,,,,,,,,,,,,
,,,,24,,,,,,,,,,,,,,,,,,,,,,,,,,,,,,,,,,,,,,,,,,,,,,
,,,,25,,,,,,,,,,,,,,,,,,,,,,,,,,,,,,,,,,,,,,,,,,,,,,
,,,,26,,,,,,,,,,,,,,,,,,,,,,,,,,,,,,,,,,,,,,,,,,,,,,
,,,,27,,,,,,,,,,,,,,,,,,,,,,,,,,,,,,,,,,,,,,,,,,,,,,
,,,,28,,,,,,,,,,,,,,,,,,,,,,,,,,,,,,,,,,,,,,,,,,,,,,
,,,,29,,,,,,,,,,,,,,,,,,,,,,,,,,,,,,,,,,,,,,,,,,,,,,
HealingCritters,,Extra,,8,,,,,,500,,,,,,,,,,1,,1,,,6,6,WitchDoctorDrone,,4,,15000,,,,,,TID_TEMPGBA_HEALING_CRITTERS,TID_TEMPGBA_HEALING_CRITTERS_INFO,,,sc/ui.sc,icon_gunboat_medicritters,sc/ui.sc,icon_gunboat_medicritters,Weapon Deploy,,Decoy Hit,CrystalAmmo,,
,,,,9,,,,,,,,,,,,,,,,,,,,,,,,,4,,,,,,,,,,,,,,,,,,,,,
,,,,10,,,,,,,,,,,,,,,,,,,,,,,,,4,,,,,,,,,,,,,,,,,,,,,
,,,,11,,,,,,,,,,,,,,,,,,,,,,,,,5,,,,,,,,,,,,,,,,,,,,,
,,,,12,,,,,,,,,,,,,,,,,,,,,,,,,5,,,,,,,,,,,,,,,,,,,,,
,,,,13,,,,,,,,,,,,,,,,,,,,,,,,,5,,,,,,,,,,,,,,,,,,,,,
,,,,14,,,,,,,,,,,,,,,,,,,,,,,,,6,,,,,,,,,,,,,,,,,,,,,
,,,,15,,,,,,,,,,,,,,,,,,,,,,,,,6,,,,,,,,,,,,,,,,,,,,,
,,,,16,,,,,,,,,,,,,,,,,,,,,,,,,6,,,,,,,,,,,,,,,,,,,,,
,,,,17,,,,,,,,,,,,,,,,,,,,,,,,,7,,,,,,,,,,,,,,,,,,,,,
,,,,18,,,,,,,,,,,,,,,,,,,,,,,,,7,,,,,,,,,,,,,,,,,,,,,
,,,,19,,,,,,,,,,,,,,,,,,,,,,,,,7,,,,,,,,,,,,,,,,,,,,,
,,,,20,,,,,,,,,,,,,,,,,,,,,,,,,8,,,,,,,,,,,,,,,,,,,,,
,,,,21,,,,,,,,,,,,,,,,,,,,,,,,,8,,,,,,,,,,,,,,,,,,,,,
,,,,22,,,,,,,,,,,,,,,,,,,,,,,,,8,,,,,,,,,,,,,,,,,,,,,
,,,,23,,,,,,,,,,,,,,,,,,,,,,,,,9,,,,,,,,,,,,,,,,,,,,,
,,,,24,,,,,,,,,,,,,,,,,,,,,,,,,9,,,,,,,,,,,,,,,,,,,,,
,,,,25,,,,,,,,,,,,,,,,,,,,,,,,,10,,,,,,,,,,,,,,,,,,,,,
,,,,26,,,,,,,,,,,,,,,,,,,,,,,,,10,,,,,,,,,,,,,,,,,,,,,
,,,,27,,,,,,,,,,,,,,,,,,,,,,,,,11,,,,,,,,,,,,,,,,,,,,,
,,,,28,,,,,,,,,,,,,,,,,,,,,,,,,11,,,,,,,,,,,,,,,,,,,,,
,,,,29,,,,,,,,,,,,,,,,,,,,,,,,,12,,,,,,,,,,,,,,,,,,,,,
CryoBomb,DestroyMines,Extra,,8,,,,,,800,800,,260,10000,Freeze,10000,750,,,1,,1,,,6,8,,,,,,,,,,,TID_TEMPGBA_CRYO_BOMB,TID_TEMPGBA_CRYO_BOMB_INFO,,,sc/ui.sc,icon_gunboat_cryobomb,sc/ui.sc,icon_gunboat_cryobomb,Weapon Deploy,,CryoBombExplosion,CryobombAmmo,,TID_STATBAR_HINT_DURATION_CRYO_BOMB
,,,,9,,,,,,,,,260,,,,,,,,,,,,,,,,,,,,,,,,,,,,,,,,,,,,,
,,,,10,,,,,,,,,260,,,,,,,,,,,,,,,,,,,,,,,,,,,,,,,,,,,,,
,,,,11,,,,,,,,,260,,,,,,,,,,,,,,,,,,,,,,,,,,,,,,,,,,,,,
,,,,12,,,,,,,,,260,,,,,,,,,,,,,,,,,,,,,,,,,,,,,,,,,,,,,
,,,,13,,,,,,,,,260,,,,,,,,,,,,,,,,,,,,,,,,,,,,,,,,,,,,,
,,,,14,,,,,,,,,260,,,,,,,,,,,,,,,,,,,,,,,,,,,,,,,,,,,,,
,,,,15,,,,,,,,,260,,,,,,,,,,,,,,,,,,,,,,,,,,,,,,,,,,,,,
,,,,16,,,,,,,,,260,,,,,,,,,,,,,,,,,,,,,,,,,,,,,,,,,,,,,
,,,,17,,,,,,,,,260,,,,,,,,,,,,,,,,,,,,,,,,,,,,,,,,,,,,,
,,,,18,,,,,,,,,260,,,,,,,,,,,,,,,,,,,,,,,,,,,,,,,,,,,,,
,,,,19,,,,,,,,,260,,,,,,,,,,,,,,,,,,,,,,,,,,,,,,,,,,,,,
,,,,20,,,,,,,,,260,,,,,,,,,,,,,,,,,,,,,,,,,,,,,,,,,,,,,
,,,,21,,,,,,,,,260,,,,,,,,,,,,,,,,,,,,,,,,,,,,,,,,,,,,,
,,,,22,,,,,,,,,260,,,,,,,,,,,,,,,,,,,,,,,,,,,,,,,,,,,,,
,,,,23,,,,,,,,,260,,,,,,,,,,,,,,,,,,,,,,,,,,,,,,,,,,,,,
,,,,24,,,,,,,,,260,,,,,,,,,,,,,,,,,,,,,,,,,,,,,,,,,,,,,
,,,,25,,,,,,,,,260,,,,,,,,,,,,,,,,,,,,,,,,,,,,,,,,,,,,,
,,,,26,,,,,,,,,260,,,,,,,,,,,,,,,,,,,,,,,,,,,,,,,,,,,,,
,,,,27,,,,,,,,,260,,,,,,,,,,,,,,,,,,,,,,,,,,,,,,,,,,,,,
,,,,28,,,,,,,,,260,,,,,,,,,,,,,,,,,,,,,,,,,,,,,,,,,,,,,
,,,,29,,,,,,,,,260,,,,,,,,,,,,,,,,,,,,,,,,,,,,,,,,,,,,,
Hack,,Extra,,8,,,,,,,,ENEMY,,8000,Hack,8000,0,,,1,,1,,,10,10,,,,,,,,,,,TID_TEMPGBA_HACK,TID_TEMPGBA_HACK_INFO,,,sc/ui.sc,icon_gunboat_remotehack,sc/ui.sc,icon_gunboat_remotehack,Weapon Deploy,GunboatHackBuilding,,GunboatHackAmmo,,TID_STATBAR_HINT_DURATION_HACK
,,,,9,,,,,,,,,,8500,,8500,,,,,,,,,,,,,,,,,,,,,,,,,,,,,,,,,,
,,,,10,,,,,,,,,,9000,,9000,,,,,,,,,,,,,,,,,,,,,,,,,,,,,,,,,,
,,,,11,,,,,,,,,,9500,,9500,,,,,,,,,,,,,,,,,,,,,,,,,,,,,,,,,,
,,,,12,,,,,,,,,,10000,,10000,,,,,,,,,,,,,,,,,,,,,,,,,,,,,,,,,,
,,,,13,,,,,,,,,,10500,,10500,,,,,,,,,,,,,,,,,,,,,,,,,,,,,,,,,,
,,,,14,,,,,,,,,,11000,,11000,,,,,,,,,,,,,,,,,,,,,,,,,,,,,,,,,,
,,,,15,,,,,,,,,,11500,,11500,,,,,,,,,,,,,,,,,,,,,,,,,,,,,,,,,,
,,,,16,,,,,,,,,,12000,,12000,,,,,,,,,,,,,,,,,,,,,,,,,,,,,,,,,,
,,,,17,,,,,,,,,,12500,,12500,,,,,,,,,,,,,,,,,,,,,,,,,,,,,,,,,,
,,,,18,,,,,,,,,,13000,,13000,,,,,,,,,,,,,,,,,,,,,,,,,,,,,,,,,,
,,,,19,,,,,,,,,,13500,,13500,,,,,,,,,,,,,,,,,,,,,,,,,,,,,,,,,,
,,,,20,,,,,,,,,,14000,,14000,,,,,,,,,,,,,,,,,,,,,,,,,,,,,,,,,,
,,,,21,,,,,,,,,,14500,,14500,,,,,,,,,,,,,,,,,,,,,,,,,,,,,,,,,,
,,,,22,,,,,,,,,,15000,,15000,,,,,,,,,,,,,,,,,,,,,,,,,,,,,,,,,,
,,,,23,,,,,,,,,,15500,,15500,,,,,,,,,,,,,,,,,,,,,,,,,,,,,,,,,,
,,,,24,,,,,,,,,,16000,,16000,,,,,,,,,,,,,,,,,,,,,,,,,,,,,,,,,,
,,,,25,,,,,,,,,,16500,,16500,,,,,,,,,,,,,,,,,,,,,,,,,,,,,,,,,,
,,,,26,,,,,,,,,,17000,,17000,,,,,,,,,,,,,,,,,,,,,,,,,,,,,,,,,,
,,,,27,,,,,,,,,,17500,,17500,,,,,,,,,,,,,,,,,,,,,,,,,,,,,,,,,,
,,,,28,,,,,,,,,,18000,,18000,,,,,,,,,,,,,,,,,,,,,,,,,,,,,,,,,,
,,,,29,,,,,,,,,,18500,,18500,,,,,,,,,,,,,,,,,,,,,,,,,,,,,,,,,,
TinyStun,Timer,Extra,,8,,,,,,,,,,30000,Stun,30000,0,,,1,,1,TRUE,TRUE,3,3,,,,,,,,,,,TID_TEMPGBA_TINY_SHOCK,TID_TEMPGBA_TINY_SHOCK_INFO,,,sc/ui.sc,icon_gunboat_minishock,sc/ui.sc,icon_gunboat_minishock,Weapon Deploy,Stun Hit_Mini;Stun HitTop,,StunSmallAmmo,,TID_STATBAR_HINT_DURATION_SHOCK
,,,,9,,,,,,,,,,,,,,,,,,,,,,,,,,,,,,,,,,,,,,,,,,,,,,
,,,,10,,,,,,,,,,,,,,,,,,,,,,,,,,,,,,,,,,,,,,,,,,,,,,
,,,,11,,,,,,,,,,,,,,,,,,,,,,,,,,,,,,,,,,,,,,,,,,,,,,
,,,,12,,,,,,,,,,,,,,,,,,,,,,,,,,,,,,,,,,,,,,,,,,,,,,
,,,,13,,,,,,,,,,,,,,,,,,,,,,,,,,,,,,,,,,,,,,,,,,,,,,
,,,,14,,,,,,,,,,,,,,,,,,,,,,,,,,,,,,,,,,,,,,,,,,,,,,
,,,,15,,,,,,,,,,,,,,,,,,,,,,,,,,,,,,,,,,,,,,,,,,,,,,
,,,,16,,,,,,,,,,,,,,,,,,,,,,,,,,,,,,,,,,,,,,,,,,,,,,
,,,,17,,,,,,,,,,,,,,,,,,,,,,,,,,,,,,,,,,,,,,,,,,,,,,
,,,,18,,,,,,,,,,,,,,,,,,,,,,,,,,,,,,,,,,,,,,,,,,,,,,
,,,,19,,,,,,,,,,,,,,,,,,,,,,,,,,,,,,,,,,,,,,,,,,,,,,
,,,,20,,,,,,,,,,,,,,,,,,,,,,,,,,,,,,,,,,,,,,,,,,,,,,
,,,,21,,,,,,,,,,,,,,,,,,,,,,,,,,,,,,,,,,,,,,,,,,,,,,
,,,,22,,,,,,,,,,,,,,,,,,,,,,,,,,,,,,,,,,,,,,,,,,,,,,
,,,,23,,,,,,,,,,,,,,,,,,,,,,,,,,,,,,,,,,,,,,,,,,,,,,
,,,,24,,,,,,,,,,,,,,,,,,,,,,,,,,,,,,,,,,,,,,,,,,,,,,
,,,,25,,,,,,,,,,,,,,,,,,,,,,,,,,,,,,,,,,,,,,,,,,,,,,
,,,,26,,,,,,,,,,,,,,,,,,,,,,,,,,,,,,,,,,,,,,,,,,,,,,
,,,,27,,,,,,,,,,,,,,,,,,,,,,,,,,,,,,,,,,,,,,,,,,,,,,
,,,,28,,,,,,,,,,,,,,,,,,,,,,,,,,,,,,,,,,,,,,,,,,,,,,
,,,,29,,,,,,,,,,,,,,,,,,,,,,,,,,,,,,,,,,,,,,,,,,,,,,
ExplosiveDrone,,Extra,,8,,,,,,500,,,,,,,,,,1,,1,,,5,5,ExplosiveDrone,0,5,,,,,,,,TID_TEMPGBA_EXPLOSIVE_DRONE,TID_TEMPGBA_EXPLOSIVE_DRONE_INFO,,,sc/ui.sc,icon_gunboat_exploding_critters,sc/ui.sc,icon_gunboat_exploding_critters,Weapon Deploy,,Decoy Hit,BombDroneAmmo,,
,,,,9,,,,,,,,,,,,,,,,,,,,,,,,1,,,,,,,,,,,,,,,,,,,,,,
,,,,10,,,,,,,,,,,,,,,,,,,,,,,,2,,,,,,,,,,,,,,,,,,,,,,
,,,,11,,,,,,,,,,,,,,,,,,,,,,,,3,,,,,,,,,,,,,,,,,,,,,,
,,,,12,,,,,,,,,,,,,,,,,,,,,,,,4,,,,,,,,,,,,,,,,,,,,,,
,,,,13,,,,,,,,,,,,,,,,,,,,,,,,5,,,,,,,,,,,,,,,,,,,,,,
,,,,14,,,,,,,,,,,,,,,,,,,,,,,,6,,,,,,,,,,,,,,,,,,,,,,
,,,,15,,,,,,,,,,,,,,,,,,,,,,,,7,,,,,,,,,,,,,,,,,,,,,,
,,,,16,,,,,,,,,,,,,,,,,,,,,,,,8,,,,,,,,,,,,,,,,,,,,,,
,,,,17,,,,,,,,,,,,,,,,,,,,,,,,9,,,,,,,,,,,,,,,,,,,,,,
,,,,18,,,,,,,,,,,,,,,,,,,,,,,,10,,,,,,,,,,,,,,,,,,,,,,
,,,,19,,,,,,,,,,,,,,,,,,,,,,,,11,,,,,,,,,,,,,,,,,,,,,,
,,,,20,,,,,,,,,,,,,,,,,,,,,,,,12,,,,,,,,,,,,,,,,,,,,,,
,,,,21,,,,,,,,,,,,,,,,,,,,,,,,13,,,,,,,,,,,,,,,,,,,,,,
,,,,22,,,,,,,,,,,,,,,,,,,,,,,,14,,,,,,,,,,,,,,,,,,,,,,
,,,,23,,,,,,,,,,,,,,,,,,,,,,,,15,,,,,,,,,,,,,,,,,,,,,,
,,,,24,,,,,,,,,,,,,,,,,,,,,,,,16,,,,,,,,,,,,,,,,,,,,,,
,,,,25,,,,,,,,,,,,,,,,,,,,,,,,17,,,,,,,,,,,,,,,,,,,,,,
,,,,26,,,,,,,,,,,,,,,,,,,,,,,,18,,,,,,,,,,,,,,,,,,,,,,
,,,,27,,,,,,,,,,,,,,,,,,,,,,,,19,,,,,,,,,,,,,,,,,,,,,,
,,,,28,,,,,,,,,,,,,,,,,,,,,,,,20,,,,,,,,,,,,,,,,,,,,,,
,,,,29,,,,,,,,,,,,,,,,,,,,,,,,21,,,,,,,,,,,,,,,,,,,,,,
CrystalShield,TargetsAir,Extra,,8,,,,,,1000,1000,FRIENDLY,,,Shield,0,100,,,1,,1,TRUE,,5,9,,,,,,,,,,,TID_TEMPGBA_CRYSTALSHIELDS,TID_TEMPGBA_CRYSTALSHIELDS_INFO,,,sc/ui.sc,icon_gunboat_shield_bomb,sc/ui.sc,icon_gunboat_shield_bomb,Weapon Deploy,Unit Shield Spell Pulse,Shield Cell Hit,ShieldAmmo,,TID_STATBAR_HINT_DURATION_CRYSTAL_SHIELD
,,,,9,,,,,,,,,,,,,125,,,,,,,,,,,,,,,,,,,,,,,,,,,,,,,,,
,,,,10,,,,,,,,,,,,,150,,,,,,,,,,,,,,,,,,,,,,,,,,,,,,,,,
,,,,11,,,,,,,,,,,,,175,,,,,,,,,,,,,,,,,,,,,,,,,,,,,,,,,
,,,,12,,,,,,,,,,,,,200,,,,,,,,,,,,,,,,,,,,,,,,,,,,,,,,,
,,,,13,,,,,,,,,,,,,225,,,,,,,,,,,,,,,,,,,,,,,,,,,,,,,,,
,,,,14,,,,,,,,,,,,,250,,,,,,,,,,,,,,,,,,,,,,,,,,,,,,,,,
,,,,15,,,,,,,,,,,,,275,,,,,,,,,,,,,,,,,,,,,,,,,,,,,,,,,
,,,,16,,,,,,,,,,,,,300,,,,,,,,,,,,,,,,,,,,,,,,,,,,,,,,,
,,,,17,,,,,,,,,,,,,325,,,,,,,,,,,,,,,,,,,,,,,,,,,,,,,,,
,,,,18,,,,,,,,,,,,,350,,,,,,,,,,,,,,,,,,,,,,,,,,,,,,,,,
,,,,19,,,,,,,,,,,,,375,,,,,,,,,,,,,,,,,,,,,,,,,,,,,,,,,
,,,,20,,,,,,,,,,,,,400,,,,,,,,,,,,,,,,,,,,,,,,,,,,,,,,,
,,,,21,,,,,,,,,,,,,425,,,,,,,,,,,,,,,,,,,,,,,,,,,,,,,,,
,,,,22,,,,,,,,,,,,,450,,,,,,,,,,,,,,,,,,,,,,,,,,,,,,,,,
,,,,23,,,,,,,,,,,,,475,,,,,,,,,,,,,,,,,,,,,,,,,,,,,,,,,
,,,,24,,,,,,,,,,,,,500,,,,,,,,,,,,,,,,,,,,,,,,,,,,,,,,,
,,,,25,,,,,,,,,,,,,525,,,,,,,,,,,,,,,,,,,,,,,,,,,,,,,,,
,,,,26,,,,,,,,,,,,,550,,,,,,,,,,,,,,,,,,,,,,,,,,,,,,,,,
,,,,27,,,,,,,,,,,,,600,,,,,,,,,,,,,,,,,,,,,,,,,,,,,,,,,
,,,,28,,,,,,,,,,,,,650,,,,,,,,,,,,,,,,,,,,,,,,,,,,,,,,,
,,,,29,,,,,,,,,,,,,700,,,,,,,,,,,,,,,,,,,,,,,,,,,,,,,,,
Resurrect,,Extra,,8,,,,,,,,,,,,,,,,6,,660,,,8,10,,,,,,6,MedicineManResurrectionCell,Resurrection Cell Hit,Rifleman,,TID_TEMPGBA_RESURRECT,TID_STATBAR_HINT_ABILITY_DEFIB_DESCRIPTION,,,sc/ui.sc,icon_gunboat_resurrection_bomb,sc/ui.sc,icon_gunboat_resurrection_bomb,Weapon Deploy,Resurrection Aura Pulse,Resurrection Cell Hit,ResurrectionAmmo,,
,,,,9,,,,,,,,,,,,,,,,7,,570,,,,,,,,,,7,,,,,,,,,,,,,,,,,,
,,,,10,,,,,,,,,,,,,,,,8,,500,,,,,,,,,,8,,,,,,,,,,,,,,,,,,
,,,,11,,,,,,,,,,,,,,,,9,,440,,,,,,,,,,9,,,,,,,,,,,,,,,,,,
,,,,12,,,,,,,,,,,,,,,,10,,400,,,,,,,,,,10,,,,,,,,,,,,,,,,,,
,,,,13,,,,,,,,,,,,,,,,11,,360,,,,,,,,,,11,,,,,,,,,,,,,,,,,,
,,,,14,,,,,,,,,,,,,,,,12,,330,,,,,,,,,,12,,,,,,,,,,,,,,,,,,
,,,,15,,,,,,,,,,,,,,,,13,,305,,,,,,,,,,13,,,,,,,,,,,,,,,,,,
,,,,16,,,,,,,,,,,,,,,,14,,285,,,,,,,,,,14,,,,,,,,,,,,,,,,,,
,,,,17,,,,,,,,,,,,,,,,15,,265,,,,,,,,,,15,,,,,,,,,,,,,,,,,,
,,,,18,,,,,,,,,,,,,,,,16,,250,,,,,,,,,,16,,,,,,,,,,,,,,,,,,
,,,,19,,,,,,,,,,,,,,,,17,,235,,,,,,,,,,17,,,,,,,,,,,,,,,,,,
,,,,20,,,,,,,,,,,,,,,,18,,220,,,,,,,,,,18,,,,,,,,,,,,,,,,,,
,,,,21,,,,,,,,,,,,,,,,19,,210,,,,,,,,,,19,,,,,,,,,,,,,,,,,,
,,,,22,,,,,,,,,,,,,,,,20,,200,,,,,,,,,,20,,,,,,,,,,,,,,,,,,
,,,,23,,,,,,,,,,,,,,,,21,,190,,,,,,,,,,21,,,,,,,,,,,,,,,,,,
,,,,24,,,,,,,,,,,,,,,,22,,180,,,,,,,,,,22,,,,,,,,,,,,,,,,,,
,,,,25,,,,,,,,,,,,,,,,23,,170,,,,,,,,,,23,,,,,,,,,,,,,,,,,,
,,,,26,,,,,,,,,,,,,,,,24,,166,,,,,,,,,,24,,,,,,,,,,,,,,,,,,
,,,,27,,,,,,,,,,,,,,,,25,,160,,,,,,,,,,25,,,,,,,,,,,,,,,,,,
,,,,28,,,,,,,,,,,,,,,,26,,152,,,,,,,,,,26,,,,,,,,,,,,,,,,,,
,,,,29,,,,,,,,,,,,,,,,27,,148,,,,,,,,,,27,,,,,,,,,,,,,,,,,,
APCSquad,,Ability,,,,,,,,,,,,,,,,,,1,,1,,TRUE,,,Rifleman,21,8,,,,,,,,,,,,sc/ui.sc,icon_gunboat_superwarrior,sc/ui.sc,icon_gunboat_superwarrior,Weapon Deploy,,,,,
CritterMortarDrone,,Ability,,,,,,,,,,,,,,,,,,1,,200,,TRUE,,,Drone,,1,,,,,,,,,,,,sc/ui.sc,icon_ability_drone,sc/tutorial.sc,unit_drone,Weapon Deploy,,Critter Mortar Hit,DecoyAmmoSingle,,
StunGrenade,Timer,UnitSpell,7,1,,,,,,320,320,,50,5000,Stun,5000,0,,,1,,1,TRUE,TRUE,7,5,,,,,,,,,,,TID_STUN,TID_STUN_INFO,TID_STUN_SUBTITLE,TID_STUN_FLAVOR,sc/ui.sc,icon_ability_smoke,sc/ui.sc,icon_ability_smoke,Weapon Deploy,Stun Hit_1;Stun HitTop,,StunGrenadeAmmo,,TID_STATBAR_HINT_DURATION_SHOCK
,,,,2,,,,,,,,,53,5250,,5250,,,,,,,,,,,,,,,,,,,,,,,,,,,,,,Stun Hit_2,,,,
,,,,3,,,,,,,,,56,5500,,5500,,,,,,,,,,,,,,,,,,,,,,,,,,,,,,Stun Hit_3,,,,
,,,,4,,,,,,,,,60,5750,,5750,,,,,,,,,,,,,,,,,,,,,,,,,,,,,,Stun Hit_4,,,,
,,,,5,,,,,,,,,65,6000,,6000,,,,,,,,,,,,,,,,,,,,,,,,,,,,,,Stun Hit_5,,,,
,,,,6,,,,,,,,,70,6250,,6250,,,,,,,,,,,,,,,,,,,,,,,,,,,,,,Stun Hit_6,,,,
,,,,7,,,,,,,,,75,6500,,6500,,,,,,,,,,,,,,,,,,,,,,,,,,,,,,Stun Hit_6,,,,
,,,,8,,,,,,,,,80,6750,,6750,,,,,,,,,,,,,,,,,,,,,,,,,,,,,,,,,,
,,,,9,,,,,,,,,86,7000,,7000,,,,,,,,,,,,,,,,,,,,,,,,,,,,,,,,,,
,,,,10,,,,,,,,,93,7250,,7250,,,,,,,,,,,,,,,,,,,,,,,,,,,,,,,,,,
,,,,11,,,,,,,,,100,7500,,7500,,,,,,,,,,,,,,,,,,,,,,,,,,,,,,,,,,
,,,,12,,,,,,,,,108,7750,,7750,,,,,,,,,,,,,,,,,,,,,,,,,,,,,,,,,,
,,,,13,,,,,,,,,116,8000,,8000,,,,,,,,,,,,,,,,,,,,,,,,,,,,,,,,,,
,,,,14,,,,,,,,,124,8250,,8250,,,,,,,,,,,,,,,,,,,,,,,,,,,,,,,,,,
,,,,15,,,,,,,,,134,8500,,8500,,,,,,,,,,,,,,,,,,,,,,,,,,,,,,,,,,
,,,,16,,,,,,,,,144,8750,,8750,,,,,,,,,,,,,,,,,,,,,,,,,,,,,,,,,,
,,,,17,,,,,,,,,154,9000,,9000,,,,,,,,,,,,,,,,,,,,,,,,,,,,,,,,,,
,,,,18,,,,,,,,,166,9250,,9250,,,,,,,,,,,,,,,,,,,,,,,,,,,,,,,,,,
,,,,19,,,,,,,,,178,9500,,9500,,,,,,,,,,,,,,,,,,,,,,,,,,,,,,,,,,
,,,,20,,,,,,,,,192,9750,,9750,,,,,,,,,,,,,,,,,,,,,,,,,,,,,,,,,,
,,,,21,,,,,,,,,206,10000,,10000,,,,,,,,,,,,,,,,,,,,,,,,,,,,,,,,,,
,,,,22,,,,,,,,,222,10250,,10250,,,,,,,,,,,,,,,,,,,,,,,,,,,,,,,,,,
,,,,23,,,,,,,,,238,10500,,10500,,,,,,,,,,,,,,,,,,,,,,,,,,,,,,,,,,
,,,,24,,,,,,,,,256,11000,,11000,,,,,,,,,,,,,,,,,,,,,,,,,,,,,,,,,,
,,,,25,,,,,,,,,274,11250,,11250,,,,,,,,,,,,,,,,,,,,,,,,,,,,,,,,,,
,,,,26,,,,,,,,,295,11500,,11500,,,,,,,,,,,,,,,,,,,,,,,,,,,,,,,,,,
,,,,27,,,,,,,,,317,12000,,12000,,,,,,,,,,,,,,,,,,,,,,,,,,,,,,,,,,
,,,,28,,,,,,,,,340,12500,,12500,,,,,,,,,,,,,,,,,,,,,,,,,,,,,,,,,,
,,,,29,,,,,,,,,365,13000,,13000,,,,,,,,,,,,,,,,,,,,,,,,,,,,,,,,,,
,,,,30,,,,,,,,,392,13500,,13500,,,,,,,,,,,,,,,,,,,,,,,,,,,,,,,,,,
HeroCryoBomb,,Extra,,8,,,,,,800,800,ENEMY,260,10000,Freeze,10000,750,,,1,,1,,,6,8,,,,,,,,,,,TID_TEMPGBA_CRYO_BOMB,TID_TEMPGBA_CRYO_BOMB_INFO,,,sc/ui.sc,icon_gunboat_cryobomb,sc/ui.sc,icon_gunboat_cryobomb,Weapon Deploy,,CryoBombExplosion,CryobombAmmo,,TID_STATBAR_HINT_DURATION_CRYO_BOMB
HeroFlyingMechanicSwarm,,Ability,,1,,,,,,500,,,,,,,,,,1,,300,,,,,FlyingDrone,0,2,6,,,,,,,,,,,,,,,,,JetPack Skill Wingmen Passive,,,
,,,,,,,,,1,,,,,,,,,,,,,,,,,,,1,,,,,,,,,,,,,,,,,,,,,,
,,,,,,,,,1,,,,,,,,,,,,,,,,,,,2,,,,,,,,,,,,,,,,,,,,,,
,,,,,,,,,1,,,,,,,,,,,,,,,,,,,3,,,,,,,,,,,,,,,,,,,,,,
,,,,,,,,,1,,,,,,,,,,,,,,,,,,,4,,,,,,,,,,,,,,,,,,,,,,
,,,,,,,,,1,,,,,,,,,,,,,,,,,,,5,,,,,,,,,,,,,,,,,,,,,,
,,,,,,,,,1,,,,,,,,,,,,,,,,,,,6,,,,,,,,,,,,,,,,,,,,,,
,,,,,,,,,1,,,,,,,,,,,,,,,,,,,6,,,,,,,,,,,,,,,,,,,,,,
,,,,,,,,,1,,,,,,,,,,,,,,,,,,,6,,,,,,,,,,,,,,,,,,,,,,
,,,,,,,,,1,,,,,,,,,,,,,,,,,,,6,,,,,,,,,,,,,,,,,,,,,,
,,,,,,,,,1,,,,,,,,,,,,,,,,,,,6,,,,,,,,,,,,,,,,,,,,,,
,,,,,,,,,1,,,,,,,,,,,,,,,,,,,6,,,,,,,,,,,,,,,,,,,,,,
,,,,,,,,,1,,,,,,,,,,,,,,,,,,,6,,,,,,,,,,,,,,,,,,,,,,
,,,,,,,,,1,,,,,,,,,,,,,,,,,,,6,,,,,,,,,,,,,,,,,,,,,,
,,,,,,,,,1,,,,,,,,,,,,,,,,,,,6,,,,,,,,,,,,,,,,,,,,,,
,,,,,,,,,1,,,,,,,,,,,,,,,,,,,6,,,,,,,,,,,,,,,,,,,,,,
,,,,,,,,,1,,,,,,,,,,,,,,,,,,,6,,,,,,,,,,,,,,,,,,,,,,
,,,,,,,,,1,,,,,,,,,,,,,,,,,,,6,,,,,,,,,,,,,,,,,,,,,,
,,,,,,,,,1,,,,,,,,,,,,,,,,,,,6,,,,,,,,,,,,,,,,,,,,,,
CastSeekers,,Extra,,8,,,,,,500,,,,,,,,,,1,,1,,,6,6,,,2,,999999,,,,,,TID_TEMPGBA_HEALING_CRITTERS,TID_TEMPGBA_HEALING_CRITTERS_INFO,,,sc/ui.sc,icon_gunboat_medicritters,sc/ui.sc,icon_gunboat_medicritters,Weapon Deploy,,Decoy Hit,CrystalAmmo,,
,,,,9,,,,,,,,,,,,,,,,,,,,,,,,,2,,,,,,,,,,,,,,,,,,,,,
,,,,10,,,,,,,,,,,,,,,,,,,,,,,,,2,,,,,,,,,,,,,,,,,,,,,
,,,,11,,,,,,,,,,,,,,,,,,,,,,,,,2,,,,,,,,,,,,,,,,,,,,,
,,,,12,,,,,,,,,,,,,,,,,,,,,,,,,2,,,,,,,,,,,,,,,,,,,,,
,,,,13,,,,,,,,,,,,,,,,,,,,,,,,,2,,,,,,,,,,,,,,,,,,,,,
,,,,14,,,,,,,,,,,,,,,,,,,,,,,,,2,,,,,,,,,,,,,,,,,,,,,
,,,,15,,,,,,,,,,,,,,,,,,,,,,,,,2,,,,,,,,,,,,,,,,,,,,,
,,,,16,,,,,,,,,,,,,,,,,,,,,,,,,2,,,,,,,,,,,,,,,,,,,,,
,,,,17,,,,,,,,,,,,,,,,,,,,,,,,,2,,,,,,,,,,,,,,,,,,,,,
,,,,18,,,,,,,,,,,,,,,,,,,,,,,,,7,,,,,,,,,,,,,,,,,,,,,
,,,,19,,,,,,,,,,,,,,,,,,,,,,,,,7,,,,,,,,,,,,,,,,,,,,,
,,,,20,,,,,,,,,,,,,,,,,,,,,,,,,8,,,,,,,,,,,,,,,,,,,,,
,,,,21,,,,,,,,,,,,,,,,,,,,,,,,,8,,,,,,,,,,,,,,,,,,,,,
,,,,22,,,,,,,,,,,,,,,,,,,,,,,,,8,,,,,,,,,,,,,,,,,,,,,
,,,,23,,,,,,,,,,,,,,,,,,,,,,,,,9,,,,,,,,,,,,,,,,,,,,,
,,,,24,,,,,,,,,,,,,,,,,,,,,,,,,9,,,,,,,,,,,,,,,,,,,,,
,,,,25,,,,,,,,,,,,,,,,,,,,,,,,,10,,,,,,,,,,,,,,,,,,,,,
,,,,26,,,,,,,,,,,,,,,,,,,,,,,,,10,,,,,,,,,,,,,,,,,,,,,
,,,,27,,,,,,,,,,,,,,,,,,,,,,,,,11,,,,,,,,,,,,,,,,,,,,,
,,,,28,,,,,,,,,,,,,,,,,,,,,,,,,11,,,,,,,,,,,,,,,,,,,,,
LeaderTank_Chaff,Timer,Ability,,,1000,,,,,300,,,,8000,Chaff,8000,890,,,1,,1,,TRUE,,,,,,,,,,,,,,,,,,,,,Weapon Deploy,OFC_tank_smoke_chaff;chaff_area,,chaff_ammo,,
,,,,,,,,,,,,,,,,,870,,,,,,,,,,,,,,,,,,,,,,,,,,,,,,,,,
,,,,,,,,,,,,,,,,,850,,,,,,,,,,,,,,,,,,,,,,,,,,,,,,,,,
,,,,,,,,,,,,,,,,,830,,,,,,,,,,,,,,,,,,,,,,,,,,,,,,,,,
,,,,,,,,,,,,,,,,,810,,,,,,,,,,,,,,,,,,,,,,,,,,,,,,,,,
,,,,,,,,,,,,,,,,,790,,,,,,,,,,,,,,,,,,,,,,,,,,,,,,,,,
,,,,,,,,,,,,,,,,,770,,,,,,,,,,,,,,,,,,,,,,,,,,,,,,,,,
,,,,,,,,,,,,,,,,,750,,,,,,,,,,,,,,,,,,,,,,,,,,,,,,,,,
,,,,,,,,,,,,,,,,,730,,,,,,,,,,,,,,,,,,,,,,,,,,,,,,,,,
,,,,,,,,,,,,,,,,,700,,,,,,,,,,,,,,,,,,,,,,,,,,,,,,,,,
,,,,,,,,,,,,,,,,,670,,,,,,,,,,,,,,,,,,,,,,,,,,,,,,,,,
,,,,,,,,,,,,,,,,,640,,,,,,,,,,,,,,,,,,,,,,,,,,,,,,,,,
,,,,,,,,,,,,,,,,,610,,,,,,,,,,,,,,,,,,,,,,,,,,,,,,,,,
,,,,,,,,,,,,,,,,,580,,,,,,,,,,,,,,,,,,,,,,,,,,,,,,,,,
,,,,,,,,,,,,,,,,,550,,,,,,,,,,,,,,,,,,,,,,,,,,,,,,,,,
SkillCannonArtillery,TargetsAir;DestroyMines,Extra,,,,,,,,49,150,,700,,,,,,,1,,1,,TRUE,3,2,,,,,,,,,,,TID_ARTILLERY,TID_ARTILLERY_INFO,TID_ARTILLERY_SUBTITLE,TID_ARTILLERY_FLAVOR,sc/ui.sc,icon_ability_artillery,sc/ui.sc,icon_ability_artillery,Weapon Deploy,,Artillery Hit,SkillCannonArtilleryAmmo,,
SkillCannonAirstrike,TargetsAir;DestroyMines,Extra,,,,,,,,149,180,,190,,,,,,,15,300,300,,TRUE,10,6,,,,,,,,,,,TID_BARRAGE,TID_BARRAGE_INFO,TID_BARRAGE_SUBTITLE,TID_BARRAGE_FLAVOR,sc/ui.sc,icon_ability_airstrike,sc/ui.sc,icon_ability_airstrike,Artillery Deploy,,Airstrike Hit,SkillCannonBarrageAmmo,,
SkillCannonStun,Timer,Extra,,,,,,,,320,320,,,5000,Stun,5000,0,,,1,,1,TRUE,TRUE,7,5,,,,,,,,,,,TID_STUN,TID_STUN_INFO,TID_STUN_SUBTITLE,TID_STUN_FLAVOR,sc/ui.sc,icon_ability_smoke,sc/ui.sc,icon_ability_smoke,Weapon Deploy,Stun Hit_1;Stun HitTop,,SkillCannonStunAmmo,,
LeaderWarrior_Lightning,,Ability,,,,,,,,,,,2000,,,,,,,1,,,,,,,,,,,,,,,,,,,,,,,,,,Mechnomancer Attack,Mechnomancer Sparkle,QueenLightningAmmo,,
,,,,,,,,,,,,,2500,,,,,,,,,,,,,,,,,,,,,,,,,,,,,,,,,,,,,
,,,,,,,,,,,,,3000,,,,,,,,,,,,,,,,,,,,,,,,,,,,,,,,,,,,,
,,,,,,,,,,,,,3500,,,,,,,,,,,,,,,,,,,,,,,,,,,,,,,,,,,,,
,,,,,,,,,,,,,4000,,,,,,,,,,,,,,,,,,,,,,,,,,,,,,,,,,,,,
,,,,,,,,,,,,,4500,,,,,,,,,,,,,,,,,,,,,,,,,,,,,,,,,,,,,
LeaderHealer_Beacon,Timer,Ability,,,,,,,,500,500,FRIENDLY,-20,500,,,,,,25,,300,TRUE,,,,,,,,,,,,,,,,,,,,,,Weapon Deploy,OFC_leecher_green_mist;SpearDeploy;Generic_radius_large,,LeecherSpear,,
,,,,,,,,,,,,,-22,,,,,,,,,,,,,,,,,,,,,,,,,,,,,,,,,,,,,
,,,,,,,,,,,,,-24,,,,,,,,,,,,,,,,,,,,,,,,,,,,,,,,,,,,,
,,,,,,,,,,,,,-26,,,,,,,,,,,,,,,,,,,,,,,,,,,,,,,,,,,,,
,,,,,,,,,,,,,-28,,,,,,,,,,,,,,,,,,,,,,,,,,,,,,,,,,,,,
,,,,,,,,,,,,,-30,,,,,,,,,,,,,,,,,,,,,,,,,,,,,,,,,,,,,
,,,,,,,,,,,,,-32,,,,,,,,,,,,,,,,,,,,,,,,,,,,,,,,,,,,,
,,,,,,,,,,,,,-34,,,,,,,,,,,,,,,,,,,,,,,,,,,,,,,,,,,,,
,,,,,,,,,,,,,-36,,,,,,,,,,,,,,,,,,,,,,,,,,,,,,,,,,,,,
,,,,,,,,,,,,,-38,,,,,,,,,,,,,,,,,,,,,,,,,,,,,,,,,,,,,
,,,,,,,,,,,,,-40,,,,,,,,,,,,,,,,,,,,,,,,,,,,,,,,,,,,,
,,,,,,,,,,,,,-42,,,,,,,,,,,,,,,,,,,,,,,,,,,,,,,,,,,,,
,,,,,,,,,,,,,-44,,,,,,,,,,,,,,,,,,,,,,,,,,,,,,,,,,,,,
,,,,,,,,,,,,,-46,,,,,,,,,,,,,,,,,,,,,,,,,,,,,,,,,,,,,
,,,,,,,,,,,,,-50,,,,,,,,,,,,,,,,,,,,,,,,,,,,,,,,,,,,,
LeaderRifleman_DecoySpell,,Ability,,,,,,,,,,,,,,,,,,1,,,,TRUE,,,LeaderRifleman_DecoySpawn,0,1,,,,,,,,,,,,sc/ui.sc,icon_ability_drone,sc/tutorial.sc,unit_drone,Weapon Deploy,,,LeaderDecoyAmmo,,
,,,,,,,,,,,,,,,,,,,,,,,,,,,,1,,,,,,,,,,,,,,,,,,,,,,
,,,,,,,,,,,,,,,,,,,,,,,,,,,,2,,,,,,,,,,,,,,,,,,,,,,
,,,,,,,,,,,,,,,,,,,,,,,,,,,,3,,,,,,,,,,,,,,,,,,,,,,
,,,,,,,,,,,,,,,,,,,,,,,,,,,,4,,,,,,,,,,,,,,,,,,,,,,
,,,,,,,,,,,,,,,,,,,,,,,,,,,,5,,,,,,,,,,,,,,,,,,,,,,
,,,,,,,,,,,,,,,,,,,,,,,,,,,,6,,,,,,,,,,,,,,,,,,,,,,
,,,,,,,,,,,,,,,,,,,,,,,,,,,,7,,,,,,,,,,,,,,,,,,,,,,
,,,,,,,,,,,,,,,,,,,,,,,,,,,,8,,,,,,,,,,,,,,,,,,,,,,
,,,,,,,,,,,,,,,,,,,,,,,,,,,,9,,,,,,,,,,,,,,,,,,,,,,
,,,,,,,,,,,,,,,,,,,,,,,,,,,,10,,,,,,,,,,,,,,,,,,,,,,
,,,,,,,,,,,,,,,,,,,,,,,,,,,,11,,,,,,,,,,,,,,,,,,,,,,
,,,,,,,,,,,,,,,,,,,,,,,,,,,,12,,,,,,,,,,,,,,,,,,,,,,
,,,,,,,,,,,,,,,,,,,,,,,,,,,,13,,,,,,,,,,,,,,,,,,,,,,
,,,,,,,,,,,,,,,,,,,,,,,,,,,,14,,,,,,,,,,,,,,,,,,,,,,
LeaderZooka_DroneSpell,,Ability,,,,,,,,,,,,,,,,,,1,,,,TRUE,,,LeaderZooka_OperatorDroneProtect,0,1,,,,,,,,,,,,sc/ui.sc,icon_ability_drone,sc/tutorial.sc,unit_drone,Weapon Deploy,,OFC_OperatorDroneSpell_Hit,LeaderDroneAmmo,,
,,,,,,,,,,,,,,,,,,,,,,,,,,,,1,,,,,,,,,,,,,,,,,,,,,,
,,,,,,,,,,,,,,,,,,,,,,,,,,,,2,,,,,,,,,,,,,,,,,,,,,,
,,,,,,,,,,,,,,,,,,,,,,,,,,,,3,,,,,,,,,,,,,,,,,,,,,,
,,,,,,,,,,,,,,,,,,,,,,,,,,,,4,,,,,,,,,,,,,,,,,,,,,,
,,,,,,,,,,,,,,,,,,,,,,,,,,,,5,,,,,,,,,,,,,,,,,,,,,,
,,,,,,,,,,,,,,,,,,,,,,,,,,,,6,,,,,,,,,,,,,,,,,,,,,,
,,,,,,,,,,,,,,,,,,,,,,,,,,,,7,,,,,,,,,,,,,,,,,,,,,,
,,,,,,,,,,,,,,,,,,,,,,,,,,,,8,,,,,,,,,,,,,,,,,,,,,,
,,,,,,,,,,,,,,,,,,,,,,,,,,,,9,,,,,,,,,,,,,,,,,,,,,,
,,,,,,,,,,,,,,,,,,,,,,,,,,,,10,,,,,,,,,,,,,,,,,,,,,,
,,,,,,,,,,,,,,,,,,,,,,,,,,,,11,,,,,,,,,,,,,,,,,,,,,,
,,,,,,,,,,,,,,,,,,,,,,,,,,,,12,,,,,,,,,,,,,,,,,,,,,,
,,,,,,,,,,,,,,,,,,,,,,,,,,,,13,,,,,,,,,,,,,,,,,,,,,,
,,,,,,,,,,,,,,,,,,,,,,,,,,,,14,,,,,,,,,,,,,,,,,,,,,,
LeaderBombardier_EffecteerSpell,,Ability,,,,,,,,500,500,,0,,,,,,ExtendEffects_BombardierEffecteerFriendly;ExtendEffects_BombardierEffecteerEnemy,1,,,,,,,,,,,,,,,,,,,,,,,,,,OFC_effecteer_effect_area;OFC_effecteer_effect_sparkles,OFC_effecteer_hit,LeaderEffecteerSpellAmmo,,
,,,,,,,,,,,,,0,,,,,,,,,,,,,,,,,,,,,,,,,,,,,,,,,,,,,
,,,,,,,,,,,,,0,,,,,,,,,,,,,,,,,,,,,,,,,,,,,,,,,,,,,
,,,,,,,,,,,,,0,,,,,,,,,,,,,,,,,,,,,,,,,,,,,,,,,,,,,
,,,,,,,,,,,,,0,,,,,,,,,,,,,,,,,,,,,,,,,,,,,,,,,,,,,
,,,,,,,,,,,,,0,,,,,,,,,,,,,,,,,,,,,,,,,,,,,,,,,,,,,
,,,,,,,,,,,,,0,,,,,,,,,,,,,,,,,,,,,,,,,,,,,,,,,,,,,
,,,,,,,,,,,,,0,,,,,,,,,,,,,,,,,,,,,,,,,,,,,,,,,,,,,
,,,,,,,,,,,,,0,,,,,,,,,,,,,,,,,,,,,,,,,,,,,,,,,,,,,
,,,,,,,,,,,,,0,,,,,,,,,,,,,,,,,,,,,,,,,,,,,,,,,,,,,
,,,,,,,,,,,,,0,,,,,,,,,,,,,,,,,,,,,,,,,,,,,,,,,,,,,
,,,,,,,,,,,,,0,,,,,,,,,,,,,,,,,,,,,,,,,,,,,,,,,,,,,
,,,,,,,,,,,,,0,,,,,,,,,,,,,,,,,,,,,,,,,,,,,,,,,,,,,
,,,,,,,,,,,,,0,,,,,,,,,,,,,,,,,,,,,,,,,,,,,,,,,,,,,
,,,,,,,,,,,,,0,,,,,,,,,,,,,,,,,,,,,,,,,,,,,,,,,,,,,
Drone1,MissionTarget,,1,1,,,,50,5300000,,,,,,,,,,,1,9000,1,,TRUE,1,0,Drone,,900,,,,,,,70,TID_DRONE,TID_DRONE_INFO,TID_DRONE_SUBTITLE,TID_DRONE_FLAVOR,sc/ui.sc,icon_ability_drone,sc/tutorial.sc,unit_drone,Weapon Deploy,,Decoy Hit,DecoyAmmo,,
